purchased_product_id,purchased_product_name,purchased_product_category,cross_sell_product_id,cross_sell_product_name,cross_sell_product_category,opportunity_sessions
733,Jacket Magenta 627,Fashion,795,Dress LightCyan 481,Fashion,6
678,Cycling Helmet LightCyan 189,Sports,548,Dumbbell Violet 482,Sports,6
154,Mouse WhiteSmoke 561,Electronics,84,SSD RosyBrown 174,Electronics,6
1177,Puzzle MediumAquaMarine 346,Toys,1031,Doll DarkGoldenRod 398,Toys,6
424,Moisturizer Wheat 743,Beauty,420,Shampoo Gainsboro 567,Beauty,6
958,Hardcover LightGreen 573,Books,904,E-book Bisque 801,Books,6
381,Lipstick Gainsboro 751,Beauty,479,Moisturizer Moccasin 905,Beauty,6
1108,Building Blocks DarkOrchid 948,Toys,1028,Puzzle Orchid 600,Toys,6
1087,Building Blocks DarkCyan 517,Toys,1039,Doll CadetBlue 251,Toys,5
910,E-book LightCoral 471,Books,885,Paperback OldLace 758,Books,5
452,Sunscreen MediumSpringGreen 247,Beauty,504,Shampoo BlueViolet 820,Beauty,5
795,Dress LightCyan 481,Fashion,792,Dress SpringGreen 501,Fashion,5
778,Jeans Salmon 748,Fashion,757,Jeans DarkSalmon 951,Fashion,5
670,Water Bottle BurlyWood 738,Sports,535,Yoga Mat RoyalBlue 756,Sports,5
591,Yoga Mat LightSteelBlue 240,Sports,668,Tennis Racket LightSlateGray 382,Sports,5
65,Mouse FireBrick 843,Electronics,101,Webcam SpringGreen 564,Electronics,5
741,T-shirt Cornsilk 301,Fashion,796,T-shirt Khaki 318,Fashion,5
496,Lipstick LightBlue 766,Beauty,451,Conditioner Khaki 604,Beauty,5
958,Hardcover LightGreen 573,Books,864,E-book HoneyDew 688,Books,5
995,Hardcover Crimson 400,Books,1024,E-book SkyBlue 267,Books,5
