device,source,sessions,converted_sessions,conversion_rate_pct,revenue_usd,avg_order_value_usd
tablet,referral,676,200,29.59,30830.88,154.15
desktop,referral,3629,1060,29.21,139439.74,131.55
mobile,paid,7989,2312,28.94,316111.86,136.73
mobile,email,6044,1746,28.89,228818.57,131.05
tablet,social,1070,309,28.88,38721.34,125.31
desktop,direct,11289,3185,28.21,414494.34,130.14
desktop,paid,5513,1550,28.12,208519.03,134.53
mobile,social,7877,2212,28.08,296521.07,134.05
mobile,direct,16422,4610,28.07,633551.5,137.43
desktop,organic,15555,4350,27.97,581895.86,133.77
mobile,referral,5255,1464,27.86,203435.93,138.96
tablet,organic,2866,793,27.67,101795.34,128.37
desktop,social,5442,1503,27.62,200998.38,133.73
tablet,direct,2150,592,27.53,76709.05,129.58
mobile,organic,22355,6125,27.4,817941.4,133.54
tablet,paid,963,259,26.9,37008.59,142.89
desktop,email,4119,1102,26.75,138522.24,125.7
tablet,email,786,208,26.46,27902.35,134.15
