product_1_id,product_1_name,product_1_category,product_2_id,product_2_name,product_2_category,copurchase_orders
496,Lipstick LightBlue 766,Beauty,882,Hardcover LightBlue 484,Books,5
1061,Board Game Aquamarine 462,Toys,1144,Building Blocks DarkSeaGreen 909,Toys,4
1065,Puzzle DarkCyan 484,Toys,1112,Action Figure PeachPuff 444,Toys,4
900,Hardcover LightSalmon 337,Books,958,Hardcover LightGreen 573,Books,4
514,Cycling Helmet MediumOrchid 339,Sports,623,Water Bottle PapayaWhip 550,Sports,4
884,Hardcover BlueViolet 336,Books,891,Paperback GoldenRod 900,Books,4
412,Serum DarkSeaGreen 566,Beauty,485,Moisturizer IndianRed 706,Beauty,4
945,E-book SpringGreen 159,Books,974,E-book LightCoral 987,Books,4
1051,Puzzle PowderBlue 921,Toys,1170,Doll LightCyan 982,Toys,4
369,Shampoo MediumPurple 389,Beauty,383,Moisturizer DarkSeaGreen 510,Beauty,3
231,Air Fryer MediumTurquoise 924,Home & Kitchen,289,Cookware AntiqueWhite 220,Home & Kitchen,3
231,Air Fryer MediumTurquoise 924,Home & Kitchen,287,Blender Purple 935,Home & Kitchen,3
240,Coffee Maker DarkCyan 134,Home & Kitchen,315,Blender Green 977,Home & Kitchen,3
263,Air Fryer HotPink 308,Home & Kitchen,369,Shampoo MediumPurple 389,Beauty,3
173,Coffee Maker DarkBlue 931,Home & Kitchen,312,Vacuum MediumOrchid 217,Home & Kitchen,3
289,Cookware AntiqueWhite 220,Home & Kitchen,385,Lipstick LightGoldenRodYellow 369,Beauty,3
265,Vacuum LightCoral 663,Home & Kitchen,278,Lamp Tomato 492,Home & Kitchen,3
260,Air Fryer DarkSlateGray 361,Home & Kitchen,275,Lamp Chocolate 506,Home & Kitchen,3
265,Vacuum LightCoral 663,Home & Kitchen,277,Lamp Salmon 265,Home & Kitchen,3
253,Blender MediumVioletRed 960,Home & Kitchen,282,Vacuum White 804,Home & Kitchen,3
