product_id,product_name,category,viewed_sessions,purchased_after_view_sessions,viewed_not_purchased_sessions,view_to_purchase_pct,view_without_purchase_pct
1028,Puzzle Orchid 600,Toys,759,104,655,13.7,86.3
678,Cycling Helmet LightCyan 189,Sports,754,101,653,13.4,86.6
1148,Doll Cyan 839,Toys,762,111,651,14.57,85.43
405,Conditioner LightGray 973,Beauty,740,92,648,12.43,87.57
911,Paperback Plum 768,Books,748,100,648,13.37,86.63
980,E-book SandyBrown 645,Books,735,90,645,12.24,87.76
458,Lipstick DarkSeaGreen 798,Beauty,738,97,641,13.14,86.86
910,E-book LightCoral 471,Books,729,89,640,12.21,87.79
1039,Doll CadetBlue 251,Toys,745,105,640,14.09,85.91
986,E-book RosyBrown 173,Books,721,82,639,11.37,88.63
231,Air Fryer MediumTurquoise 924,Home & Kitchen,747,108,639,14.46,85.54
416,Moisturizer DarkOliveGreen 264,Beauty,730,96,634,13.15,86.85
377,Moisturizer DarkBlue 603,Beauty,737,104,633,14.11,85.89
1017,Paperback Navy 693,Books,732,100,632,13.66,86.34
1087,Building Blocks DarkCyan 517,Toys,741,110,631,14.84,85.16
769,Jacket Violet 280,Fashion,741,111,630,14.98,85.02
1151,Puzzle OldLace 463,Toys,710,81,629,11.41,88.59
669,Dumbbell SlateBlue 979,Sports,736,109,627,14.81,85.19
442,Lipstick RosyBrown 771,Beauty,750,123,627,16.4,83.6
438,Lipstick Gold 256,Beauty,718,97,621,13.51,86.49
